seq,Base
AMARAVR,BASE MLCPP20
CASGQQGLLKLC,BASE CPP1708
CMPTITRMPMPLR,BASE CPP1708
EFDTAMNFIIANVQGL,BASE CPP1708
EKRPRTAFSSEQLARLKREFNENRYLTTERRRQQLSSELGLNEAQIKIWFQNKRAKIKKST,BASE CPP1708
EKRPRTAFSSEQLARLKREFNENRYLTTERRRQQLSSELGLNEAQIKIWFQNKRAKIKKST,BASE CPP924
EKRPRTAFSSEQLARLKREFNENRYLTTERRRQQLSSELGLNEAQIKIWFQNKRAKIKKST,BASE MLCPP20
EVEPLAWYMSWPV,BASE CPP1708
FAKDLPDWALEGW,BASE CPP1708
FGIHSPVNWLANARF,BASE CPP1708
FKIYDKKVRTRVVKH,BASE CPP1708
GIASNGQLPTPKT,BASE CPP1708
GRRKKRADGKQ,BASE MLCPP20
GTSRANSYDNLKSETLTQ,BASE MLCPP20
HEHEHEHEHEHEHEHEHEHEGGGGGKLALKLALKALKAALKLA,BASE MLCPP20
HEHEHEHEHEHEHEHEHEHEGGGGGKLALKLALKALKAALKLA,BASE CPP1708
HESRQHKPTTKQVQICIETEAYCECNPAGF,BASE CPP1708
HFDAYAEHKDLIS,BASE CPP924
HTNKDQSNVQCWY,BASE CPP1708
IFPTRWDDRLGME,BASE CPP1708
IFWCATRLDYSMHLI,BASE CPP1708
IKKRVGTHIRAKRKREELSNVLAAMRKAAA,BASE MLCPP20
ILGKIWKIKKLF,BASE CPP1708
ISFDELLDYYGESGS,BASE CPP924
KERTLKRLERTLQFLKKTMTVKTRF,BASE MLCPP20
KKKKKKKKLLLLLLLL,BASE MLCPP20
KLGLKLGLKGLKGGLKLG,BASE CPP924
KLPIPKL,BASE MLCPP20
KQRNRWEWRPDFKSKKVKISLPC,BASE MLCPP20
KRMWFVNFIRHKSCWMTIKYWSIMRIHNCR,BASE CPP924
LGWSRSYPDAQDRH,BASE CPP1708
LTMPSDLQPVLW,BASE CPP924
LWFQMGRNDATDWIRN,BASE CPP1708
MFPWDQNCSCFRKRHVFMCKEYRYQVDPRCMHDIYHFSSFWDSMDMVLV,BASE CPP924
MSAWVLTQWQIDLCGQEIS,BASE CPP1708
MSDPNMNPGTLGSSHILW,BASE MLCPP20
NSAAFEDLRVLS,BASE MLCPP20
NSAAFEDLRVLS,BASE CPP1708
NWNCIVMAPMRMHRGVLP,BASE CPP1708
PIEVCMYREP,BASE MLCPP20
PLDLPCRYKNQSLHKWLMKRLYMVRW,BASE MLCPP20
PLIYLRLLRGQF,BASE MLCPP20
PRAVHKPFIHYDKPMWYT,BASE CPP924
PTLRNKFKMPTRIQNG,BASE MLCPP20
QDGGTWHLVAYCAKSHRY,BASE MLCPP20
QISVRTYGRYF,BASE CPP1708
QRQTHMVTHLAKQMV,BASE CPP1708
RDINNLPWNEVQQYN,BASE CPP1708
RGFVRVAMVKGKPL,BASE MLCPP20
RRKMKIK,BASE MLCPP20
SDLWEMMMVSLACQY,BASE MLCPP20
SHAFTWPTYLQL,BASE CPP924
SKVARSLAKYHPRVNHHRHC,BASE MLCPP20
SLGWMLPFSPPF,BASE CPP924
SMTTMEFGHSMITPYKID,BASE MLCPP20
SNGSGNG,BASE MLCPP20
SPMQKTMNLPPM,BASE CPP924
SSGANYFFNAIYDFLSNF,BASE MLCPP20
SYIQRTPSTTLP,BASE CPP1708
SYIQRTPSTTLP,BASE CPP924
TPKTMTQTYDFS,BASE CPP1708
TPKTMTQTYDFS,BASE CPP924
TPTSPSSPGLSPVPPPDKVDGFSRRSLRRARPRR,BASE MLCPP20
VDKPPYLPRPPPPRRIYNNR,BASE CPP1708
VFGKHWAYMRNWGWHKHTGALANHVN,BASE CPP1708
VGPMKSPMGTCGSRGDGAL,BASE CPP1708
WKQVAEKIPLQPKHFRILNPVIIK,BASE MLCPP20
WLQQYSEDKDCAIHFTSC,BASE CPP1708
WVTEIMATPQQPPPMFI,BASE CPP1708
YACTWTGSMSERYVVR,BASE CPP1708
YLCHDWLQNPKKDLWYRGAGQIDESHSQMVWRKPCTEIQ,BASE CPP924
YSSAYEWFNRYKQPYYEL,BASE MLCPP20